<T3DataStructure>
	<meta>
		<langDisable>1</langDisable>
		<langChildren>0</langChildren>
	</meta>
	<sheets>
		<sDEF>
			<ROOT>
				<TCEforms>
					<sheetTitle>LLL:EXT:ws_facebook_feed/Resources/Private/Language/locallang_db.xlf:plugin.facebook.flexform.sheets.settings</sheetTitle>
				</TCEforms>
				<type>array</type>
				<el>

					<settings.override.maxEntries>
						<TCEforms>
							<label>LLL:EXT:ws_facebook_feed/Resources/Private/Language/locallang_db.xlf:plugin.facebook.flexform.sheets.settings.override.maxEntries</label>
							<config>
								<type>input</type>
								<size>30</size>
								<default>3</default>
								<eval>trim</eval>
							</config>
						</TCEforms>
					</settings.override.maxEntries>
					
				</el>
			</ROOT>
		</sDEF>
		
	</sheets>
</T3DataStructure>